# Howto 04 - 创建TPC-H的数据库表

This howto is to create tables via file `dbgen/dss.ddl`.

## 1 - Create tables

```bash
oracle@FOO:~$ ln -s tpch/2.18.0_rc2/dbgen dbgen
oracle@FOO:~$ ll
total 0
lrwxrwxrwx. 1 oracle oinstall 21 Jan  1 22:12 dbgen -> tpch/2.18.0_rc2/dbgen
drwxr-xr-x. 3 oracle oinstall 55 Jan  1 21:53 tpch
oracle@FOO:~$ cd dbgen
oracle@FOO:dbgen$ cat dss.ddl
-- Sccsid:     @(#)dss.ddl	2.1.8.1
CREATE TABLE NATION  ( N_NATIONKEY  INTEGER NOT NULL,
                            N_NAME       CHAR(25) NOT NULL,
                            N_REGIONKEY  INTEGER NOT NULL,
                            N_COMMENT    VARCHAR(152));
...<snip>...
oracle@FOO:dbgen$

oracle@FOO:dbgen$ sqlplus "C##huanli/huanli@ORCLCDB"
...<snip>...
SQL> -- # 1. Create tables via dss.ddl --
SQL> @/home/oracle/dbgen/dss.ddl;

Table created.


Table created.


Table created.


Table created.


Table created.


Table created.


Table created.


Table created.

SQL> -- # 2. View table names --
SQL> select table_name from user_tables;

TABLE_NAME
--------------------------------------------------------------------------------
REGION
NATION
PART
SUPPLIER
PARTSUPP
CUSTOMER
ORDERS
LINEITEM

8 rows selected.

SQL>
SQL> -- # 3. View tables struct one by one --
SQL> desc REGION;
 Name					   Null?    Type
 ----------------------------------------- -------- ----------------------------
 R_REGIONKEY				   NOT NULL NUMBER(38)
 R_NAME 				   NOT NULL CHAR(25)
 R_COMMENT					    VARCHAR2(152)

SQL> desc NATION;
 Name					   Null?    Type
 ----------------------------------------- -------- ----------------------------
 N_NATIONKEY				   NOT NULL NUMBER(38)
 N_NAME 				   NOT NULL CHAR(25)
 N_REGIONKEY				   NOT NULL NUMBER(38)
 N_COMMENT					    VARCHAR2(152)

SQL> desc PART;
 Name					   Null?    Type
 ----------------------------------------- -------- ----------------------------
 P_PARTKEY				   NOT NULL NUMBER(38)
 P_NAME 				   NOT NULL VARCHAR2(55)
 P_MFGR 				   NOT NULL CHAR(25)
 P_BRAND				   NOT NULL CHAR(10)
 P_TYPE 				   NOT NULL VARCHAR2(25)
 P_SIZE 				   NOT NULL NUMBER(38)
 P_CONTAINER				   NOT NULL CHAR(10)
 P_RETAILPRICE				   NOT NULL NUMBER(15,2)
 P_COMMENT				   NOT NULL VARCHAR2(23)

SQL> desc SUPPLIER;
 Name					   Null?    Type
 ----------------------------------------- -------- ----------------------------
 S_SUPPKEY				   NOT NULL NUMBER(38)
 S_NAME 				   NOT NULL CHAR(25)
 S_ADDRESS				   NOT NULL VARCHAR2(40)
 S_NATIONKEY				   NOT NULL NUMBER(38)
 S_PHONE				   NOT NULL CHAR(15)
 S_ACCTBAL				   NOT NULL NUMBER(15,2)
 S_COMMENT				   NOT NULL VARCHAR2(101)

SQL> desc PARTSUPP;
 Name					   Null?    Type
 ----------------------------------------- -------- ----------------------------
 PS_PARTKEY				   NOT NULL NUMBER(38)
 PS_SUPPKEY				   NOT NULL NUMBER(38)
 PS_AVAILQTY				   NOT NULL NUMBER(38)
 PS_SUPPLYCOST				   NOT NULL NUMBER(15,2)
 PS_COMMENT				   NOT NULL VARCHAR2(199)

SQL> desc CUSTOMER;
 Name					   Null?    Type
 ----------------------------------------- -------- ----------------------------
 C_CUSTKEY				   NOT NULL NUMBER(38)
 C_NAME 				   NOT NULL VARCHAR2(25)
 C_ADDRESS				   NOT NULL VARCHAR2(40)
 C_NATIONKEY				   NOT NULL NUMBER(38)
 C_PHONE				   NOT NULL CHAR(15)
 C_ACCTBAL				   NOT NULL NUMBER(15,2)
 C_MKTSEGMENT				   NOT NULL CHAR(10)
 C_COMMENT				   NOT NULL VARCHAR2(117)

SQL> desc ORDERS;
 Name					   Null?    Type
 ----------------------------------------- -------- ----------------------------
 O_ORDERKEY				   NOT NULL NUMBER(38)
 O_CUSTKEY				   NOT NULL NUMBER(38)
 O_ORDERSTATUS				   NOT NULL CHAR(1)
 O_TOTALPRICE				   NOT NULL NUMBER(15,2)
 O_ORDERDATE				   NOT NULL DATE
 O_ORDERPRIORITY			   NOT NULL CHAR(15)
 O_CLERK				   NOT NULL CHAR(15)
 O_SHIPPRIORITY 			   NOT NULL NUMBER(38)
 O_COMMENT				   NOT NULL VARCHAR2(79)

SQL> desc LINEITEM;
 Name					   Null?    Type
 ----------------------------------------- -------- ----------------------------
 L_ORDERKEY				   NOT NULL NUMBER(38)
 L_PARTKEY				   NOT NULL NUMBER(38)
 L_SUPPKEY				   NOT NULL NUMBER(38)
 L_LINENUMBER				   NOT NULL NUMBER(38)
 L_QUANTITY				   NOT NULL NUMBER(15,2)
 L_EXTENDEDPRICE			   NOT NULL NUMBER(15,2)
 L_DISCOUNT				   NOT NULL NUMBER(15,2)
 L_TAX					   NOT NULL NUMBER(15,2)
 L_RETURNFLAG				   NOT NULL CHAR(1)
 L_LINESTATUS				   NOT NULL CHAR(1)
 L_SHIPDATE				   NOT NULL DATE
 L_COMMITDATE				   NOT NULL DATE
 L_RECEIPTDATE				   NOT NULL DATE
 L_SHIPINSTRUCT 			   NOT NULL CHAR(25)
 L_SHIPMODE				   NOT NULL CHAR(10)
 L_COMMENT				   NOT NULL VARCHAR2(44)

SQL> exit
```

-------------------------------------------------------------------------------

## 2 - Destroy tables

```sql
-- File: undo_dss_ddl.sql --

select table_name from user_tables;

drop table NATION;
drop table REGION;
drop table PART;
drop table SUPPLIER;
drop table PARTSUPP;
drop table CUSTOMER;
drop table ORDERS;
drop table LINEITEM;

select table_name from user_tables;
```

```bash
oracle@FOO:dbgen$ sqlplus "C##huanli/huanli@ORCLCDB"
...<snip>...

SQL> -- Delete all tables --
SQL> @/tmp/undo_dss_ddl.sql;

TABLE_NAME
--------------------------------------------------------------------------------
REGION
NATION
PART
SUPPLIER
PARTSUPP
CUSTOMER
ORDERS
LINEITEM

8 rows selected.


Table dropped.

...<snip>...

Table dropped.


no rows selected

SQL>
```
-------------------------------------------------------------------------------
`END`
